<?xml version="1.0" encoding="UTF-8" standalone="yes"?>
<addon id="plugin.video.Legazy" name="LEGAZY systems" version="3.1.0" provider-name="">
  <requires>
    <import addon="xbmc.python" version="3.0.0" />
	<import addon="script.module.requests" />
	<import addon="service.sleepy.watchdog" />
  </requires>
  <extension point="xbmc.python.pluginsource" library="default.py">
        <provides>video</provides>
  </extension>
    <extension point="xbmc.addon.metadata">
        <platform>all</platform>
        <license>GPL 2.0</license>
        <summary lang="en_GB" />
        <description lang="en_GB" />
		<assets>
			<icon>icon.png</icon>
			<fanart>fanart.jpg</fanart>
		</assets>
    </extension>
</addon>