<?xml version="1.0" encoding="UTF-8" standalone="yes"?>
<addon id="repository.zakRepo" name="zakRepo official Repo" version="1.0.4" provider-name="Kabcasa">
	<extension point="xbmc.addon.repository" name="ZakRepo official Repo">
		<info compressed="false">https://raw.github.com/kabcasa/zakRepo/master/addons.xml</info>
		<checksum>https://raw.github.com/kabcasa/zakRepo/master/addons.xml.md5</checksum>
		<datadir zip="true">https://github.com/kabcasa/zakRepo/tree/master/zips/</datadir>
	</extension>
	<extension point="xbmc.addon.metadata">
		<summary>ZakRepo official Repo</summary>
   		<description lang="en">Installe les Addons de Zak.</description>
		<disclaimer></disclaimer>
		<platform>all</platform>
	</extension>
</addon>