<?xml version="1.0" encoding="UTF-8" standalone="yes"?>
<addon id="plugin.video.SportsDevil" version="2-2 (build 20161012)" name="SportsDevil"  provider-name="SportsDevil">

  <requires>
   <import addon="xbmc.python" version="2.14.0"/>
   <import addon="script.module.simplejson" />
   <import addon="script.module.six" />
   <import addon="script.module.requests" />
   <import addon="script.module.livestreamer" />
   <import addon="script.module.pydevd" version="4.4.0" optional="true"/>
  </requires>
  <extension 
    point="xbmc.python.pluginsource"
    library="default.py">
   <provides>video</provides>
  </extension>
  <extension point="xbmc.addon.metadata">
    <summary>Play videos of different sports streaming sites</summary>
    <description>repo zak</description>
    <license>GNU GENERAL PUBLIC LICENSE. Version 2, June 1991</license>
    <platform>all</platform>
  </extension>
</addon>



